,DATE_OF_PUBLIC_HOLIDAY,NAME_OF_PUBLIC_HOLIDAY_JP,NAME_OF_PUBLIC_HOLIDAY_EN
0,1955/1/1,元日,New Year's day
1,1955/1/15,成人の日,Coming of Age Day
2,1955/3/21,春分の日,Vernal Equinox Day
3,1955/4/29,天皇誕生日,Emperor's Birthday
4,1955/5/3,憲法記念日,Constitution Memorial Day
5,1955/5/5,こどもの日,Children's Day
6,1955/9/24,秋分の日,Autumnal Equinox Day
7,1955/11/3,文化の日,Culture Day
8,1955/11/23,勤労感謝の日,Labour Thanksgiving Day
9,1956/1/1,元日,New Year's day
10,1956/1/15,成人の日,Coming of Age Day
11,1956/3/21,春分の日,Vernal Equinox Day
12,1956/4/29,天皇誕生日,Emperor's Birthday
13,1956/5/3,憲法記念日,Constitution Memorial Day
14,1956/5/5,こどもの日,Children's Day
15,1956/9/23,秋分の日,Autumnal Equinox Day
16,1956/11/3,文化の日,Culture Day
17,1956/11/23,勤労感謝の日,Labour Thanksgiving Day
18,1957/1/1,元日,New Year's day
19,1957/1/15,成人の日,Coming of Age Day
20,1957/3/21,春分の日,Vernal Equinox Day
21,1957/4/29,天皇誕生日,Emperor's Birthday
22,1957/5/3,憲法記念日,Constitution Memorial Day
23,1957/5/5,こどもの日,Children's Day
24,1957/9/23,秋分の日,Autumnal Equinox Day
25,1957/11/3,文化の日,Culture Day
26,1957/11/23,勤労感謝の日,Labour Thanksgiving Day
27,1958/1/1,元日,New Year's day
28,1958/1/15,成人の日,Coming of Age Day
29,1958/3/21,春分の日,Vernal Equinox Day
30,1958/4/29,天皇誕生日,Emperor's Birthday
31,1958/5/3,憲法記念日,Constitution Memorial Day
32,1958/5/5,こどもの日,Children's Day
33,1958/9/23,秋分の日,Autumnal Equinox Day
34,1958/11/3,文化の日,Culture Day
35,1958/11/23,勤労感謝の日,Labour Thanksgiving Day
36,1959/1/1,元日,New Year's day
37,1959/1/15,成人の日,Coming of Age Day
38,1959/3/21,春分の日,Vernal Equinox Day
39,1959/4/10,結婚の儀,Imperial marriage ceremony
40,1959/4/29,天皇誕生日,Emperor's Birthday
41,1959/5/3,憲法記念日,Constitution Memorial Day
42,1959/5/5,こどもの日,Children's Day
43,1959/9/24,秋分の日,Autumnal Equinox Day
44,1959/11/3,文化の日,Culture Day
45,1959/11/23,勤労感謝の日,Labour Thanksgiving Day
46,1960/1/1,元日,New Year's day
47,1960/1/15,成人の日,Coming of Age Day
48,1960/3/20,春分の日,Vernal Equinox Day
49,1960/4/29,天皇誕生日,Emperor's Birthday
50,1960/5/3,憲法記念日,Constitution Memorial Day
51,1960/5/5,こどもの日,Children's Day
52,1960/9/23,秋分の日,Autumnal Equinox Day
53,1960/11/3,文化の日,Culture Day
54,1960/11/23,勤労感謝の日,Labour Thanksgiving Day
55,1961/1/1,元日,New Year's day
56,1961/1/15,成人の日,Coming of Age Day
57,1961/3/21,春分の日,Vernal Equinox Day
58,1961/4/29,天皇誕生日,Emperor's Birthday
59,1961/5/3,憲法記念日,Constitution Memorial Day
60,1961/5/5,こどもの日,Children's Day
61,1961/9/23,秋分の日,Autumnal Equinox Day
62,1961/11/3,文化の日,Culture Day
63,1961/11/23,勤労感謝の日,Labour Thanksgiving Day
64,1962/1/1,元日,New Year's day
65,1962/1/15,成人の日,Coming of Age Day
66,1962/3/21,春分の日,Vernal Equinox Day
67,1962/4/29,天皇誕生日,Emperor's Birthday
68,1962/5/3,憲法記念日,Constitution Memorial Day
69,1962/5/5,こどもの日,Children's Day
70,1962/9/23,秋分の日,Autumnal Equinox Day
71,1962/11/3,文化の日,Culture Day
72,1962/11/23,勤労感謝の日,Labour Thanksgiving Day
73,1963/1/1,元日,New Year's day
74,1963/1/15,成人の日,Coming of Age Day
75,1963/3/21,春分の日,Vernal Equinox Day
76,1963/4/29,天皇誕生日,Emperor's Birthday
77,1963/5/3,憲法記念日,Constitution Memorial Day
78,1963/5/5,こどもの日,Children's Day
79,1963/9/24,秋分の日,Autumnal Equinox Day
80,1963/11/3,文化の日,Culture Day
81,1963/11/23,勤労感謝の日,Labour Thanksgiving Day
82,1964/1/1,元日,New Year's day
83,1964/1/15,成人の日,Coming of Age Day
84,1964/3/20,春分の日,Vernal Equinox Day
85,1964/4/29,天皇誕生日,Emperor's Birthday
86,1964/5/3,憲法記念日,Constitution Memorial Day
87,1964/5/5,こどもの日,Children's Day
88,1964/9/23,秋分の日,Autumnal Equinox Day
89,1964/11/3,文化の日,Culture Day
90,1964/11/23,勤労感謝の日,Labour Thanksgiving Day
91,1965/1/1,元日,New Year's day
92,1965/1/15,成人の日,Coming of Age Day
93,1965/3/21,春分の日,Vernal Equinox Day
94,1965/4/29,天皇誕生日,Emperor's Birthday
95,1965/5/3,憲法記念日,Constitution Memorial Day
96,1965/5/5,こどもの日,Children's Day
97,1965/9/23,秋分の日,Autumnal Equinox Day
98,1965/11/3,文化の日,Culture Day
99,1965/11/23,勤労感謝の日,Labour Thanksgiving Day
100,1966/1/1,元日,New Year's day
101,1966/1/15,成人の日,Coming of Age Day
102,1966/3/21,春分の日,Vernal Equinox Day
103,1966/4/29,天皇誕生日,Emperor's Birthday
104,1966/5/3,憲法記念日,Constitution Memorial Day
105,1966/5/5,こどもの日,Children's Day
106,1966/9/15,敬老の日,Respect-for-the-Aged Day
107,1966/9/23,秋分の日,Autumnal Equinox Day
108,1966/10/10,体育の日,Health and Sports Day
109,1966/11/3,文化の日,Culture Day
110,1966/11/23,勤労感謝の日,Labour Thanksgiving Day
111,1967/1/1,元日,New Year's day
112,1967/1/15,成人の日,Coming of Age Day
113,1967/2/11,建国記念の日,National Foundation Day
114,1967/3/21,春分の日,Vernal Equinox Day
115,1967/4/29,天皇誕生日,Emperor's Birthday
116,1967/5/3,憲法記念日,Constitution Memorial Day
117,1967/5/5,こどもの日,Children's Day
118,1967/9/15,敬老の日,Respect-for-the-Aged Day
119,1967/9/24,秋分の日,Autumnal Equinox Day
120,1967/10/10,体育の日,Health and Sports Day
121,1967/11/3,文化の日,Culture Day
122,1967/11/23,勤労感謝の日,Labour Thanksgiving Day
123,1968/1/1,元日,New Year's day
124,1968/1/15,成人の日,Coming of Age Day
125,1968/2/11,建国記念の日,National Foundation Day
126,1968/3/20,春分の日,Vernal Equinox Day
127,1968/4/29,天皇誕生日,Emperor's Birthday
128,1968/5/3,憲法記念日,Constitution Memorial Day
129,1968/5/5,こどもの日,Children's Day
130,1968/9/15,敬老の日,Respect-for-the-Aged Day
131,1968/9/23,秋分の日,Autumnal Equinox Day
132,1968/10/10,体育の日,Health and Sports Day
133,1968/11/3,文化の日,Culture Day
134,1968/11/23,勤労感謝の日,Labour Thanksgiving Day
135,1969/1/1,元日,New Year's day
136,1969/1/15,成人の日,Coming of Age Day
137,1969/2/11,建国記念の日,National Foundation Day
138,1969/3/21,春分の日,Vernal Equinox Day
139,1969/4/29,天皇誕生日,Emperor's Birthday
140,1969/5/3,憲法記念日,Constitution Memorial Day
141,1969/5/5,こどもの日,Children's Day
142,1969/9/15,敬老の日,Respect-for-the-Aged Day
143,1969/9/23,秋分の日,Autumnal Equinox Day
144,1969/10/10,体育の日,Health and Sports Day
145,1969/11/3,文化の日,Culture Day
146,1969/11/23,勤労感謝の日,Labour Thanksgiving Day
147,1970/1/1,元日,New Year's day
148,1970/1/15,成人の日,Coming of Age Day
149,1970/2/11,建国記念の日,National Foundation Day
150,1970/3/21,春分の日,Vernal Equinox Day
151,1970/4/29,天皇誕生日,Emperor's Birthday
152,1970/5/3,憲法記念日,Constitution Memorial Day
153,1970/5/5,こどもの日,Children's Day
154,1970/9/15,敬老の日,Respect-for-the-Aged Day
155,1970/9/23,秋分の日,Autumnal Equinox Day
156,1970/10/10,体育の日,Health and Sports Day
157,1970/11/3,文化の日,Culture Day
158,1970/11/23,勤労感謝の日,Labour Thanksgiving Day
159,1971/1/1,元日,New Year's day
160,1971/1/15,成人の日,Coming of Age Day
161,1971/2/11,建国記念の日,National Foundation Day
162,1971/3/21,春分の日,Vernal Equinox Day
163,1971/4/29,天皇誕生日,Emperor's Birthday
164,1971/5/3,憲法記念日,Constitution Memorial Day
165,1971/5/5,こどもの日,Children's Day
166,1971/9/15,敬老の日,Respect-for-the-Aged Day
167,1971/9/24,秋分の日,Autumnal Equinox Day
168,1971/10/10,体育の日,Health and Sports Day
169,1971/11/3,文化の日,Culture Day
170,1971/11/23,勤労感謝の日,Labour Thanksgiving Day
171,1972/1/1,元日,New Year's day
172,1972/1/15,成人の日,Coming of Age Day
173,1972/2/11,建国記念の日,National Foundation Day
174,1972/3/20,春分の日,Vernal Equinox Day
175,1972/4/29,天皇誕生日,Emperor's Birthday
176,1972/5/3,憲法記念日,Constitution Memorial Day
177,1972/5/5,こどもの日,Children's Day
178,1972/9/15,敬老の日,Respect-for-the-Aged Day
179,1972/9/23,秋分の日,Autumnal Equinox Day
180,1972/10/10,体育の日,Health and Sports Day
181,1972/11/3,文化の日,Culture Day
182,1972/11/23,勤労感謝の日,Labour Thanksgiving Day
183,1973/1/1,元日,New Year's day
184,1973/1/15,成人の日,Coming of Age Day
185,1973/2/11,建国記念の日,National Foundation Day
186,1973/3/21,春分の日,Vernal Equinox Day
187,1973/4/29,天皇誕生日,Emperor's Birthday
188,1973/4/30,休日,Holiday
189,1973/5/3,憲法記念日,Constitution Memorial Day
190,1973/5/5,こどもの日,Children's Day
191,1973/9/15,敬老の日,Respect-for-the-Aged Day
192,1973/9/23,秋分の日,Autumnal Equinox Day
193,1973/9/24,休日,Holiday
194,1973/10/10,体育の日,Health and Sports Day
195,1973/11/3,文化の日,Culture Day
196,1973/11/23,勤労感謝の日,Labour Thanksgiving Day
197,1974/1/1,元日,New Year's day
198,1974/1/15,成人の日,Coming of Age Day
199,1974/2/11,建国記念の日,National Foundation Day
200,1974/3/21,春分の日,Vernal Equinox Day
201,1974/4/29,天皇誕生日,Emperor's Birthday
202,1974/5/3,憲法記念日,Constitution Memorial Day
203,1974/5/5,こどもの日,Children's Day
204,1974/5/6,休日,Holiday
205,1974/9/15,敬老の日,Respect-for-the-Aged Day
206,1974/9/16,休日,Holiday
207,1974/9/23,秋分の日,Autumnal Equinox Day
208,1974/10/10,体育の日,Health and Sports Day
209,1974/11/3,文化の日,Culture Day
210,1974/11/4,休日,Holiday
211,1974/11/23,勤労感謝の日,Labour Thanksgiving Day
212,1975/1/1,元日,New Year's day
213,1975/1/15,成人の日,Coming of Age Day
214,1975/2/11,建国記念の日,National Foundation Day
215,1975/3/21,春分の日,Vernal Equinox Day
216,1975/4/29,天皇誕生日,Emperor's Birthday
217,1975/5/3,憲法記念日,Constitution Memorial Day
218,1975/5/5,こどもの日,Children's Day
219,1975/9/15,敬老の日,Respect-for-the-Aged Day
220,1975/9/24,秋分の日,Autumnal Equinox Day
221,1975/10/10,体育の日,Health and Sports Day
222,1975/11/3,文化の日,Culture Day
223,1975/11/23,勤労感謝の日,Labour Thanksgiving Day
224,1975/11/24,休日,Holiday
225,1976/1/1,元日,New Year's day
226,1976/1/15,成人の日,Coming of Age Day
227,1976/2/11,建国記念の日,National Foundation Day
228,1976/3/20,春分の日,Vernal Equinox Day
229,1976/4/29,天皇誕生日,Emperor's Birthday
230,1976/5/3,憲法記念日,Constitution Memorial Day
231,1976/5/5,こどもの日,Children's Day
232,1976/9/15,敬老の日,Respect-for-the-Aged Day
233,1976/9/23,秋分の日,Autumnal Equinox Day
234,1976/10/10,体育の日,Health and Sports Day
235,1976/10/11,休日,Holiday
236,1976/11/3,文化の日,Culture Day
237,1976/11/23,勤労感謝の日,Labour Thanksgiving Day
238,1977/1/1,元日,New Year's day
239,1977/1/15,成人の日,Coming of Age Day
240,1977/2/11,建国記念の日,National Foundation Day
241,1977/3/21,春分の日,Vernal Equinox Day
242,1977/4/29,天皇誕生日,Emperor's Birthday
243,1977/5/3,憲法記念日,Constitution Memorial Day
244,1977/5/5,こどもの日,Children's Day
245,1977/9/15,敬老の日,Respect-for-the-Aged Day
246,1977/9/23,秋分の日,Autumnal Equinox Day
247,1977/10/10,体育の日,Health and Sports Day
248,1977/11/3,文化の日,Culture Day
249,1977/11/23,勤労感謝の日,Labour Thanksgiving Day
250,1978/1/1,元日,New Year's day
251,1978/1/2,休日,Holiday
252,1978/1/15,成人の日,Coming of Age Day
253,1978/1/16,休日,Holiday
254,1978/2/11,建国記念の日,National Foundation Day
255,1978/3/21,春分の日,Vernal Equinox Day
256,1978/4/29,天皇誕生日,Emperor's Birthday
257,1978/5/3,憲法記念日,Constitution Memorial Day
258,1978/5/5,こどもの日,Children's Day
259,1978/9/15,敬老の日,Respect-for-the-Aged Day
260,1978/9/23,秋分の日,Autumnal Equinox Day
261,1978/10/10,体育の日,Health and Sports Day
262,1978/11/3,文化の日,Culture Day
263,1978/11/23,勤労感謝の日,Labour Thanksgiving Day
264,1979/1/1,元日,New Year's day
265,1979/1/15,成人の日,Coming of Age Day
266,1979/2/11,建国記念の日,National Foundation Day
267,1979/2/12,休日,Holiday
268,1979/3/21,春分の日,Vernal Equinox Day
269,1979/4/29,天皇誕生日,Emperor's Birthday
270,1979/4/30,休日,Holiday
271,1979/5/3,憲法記念日,Constitution Memorial Day
272,1979/5/5,こどもの日,Children's Day
273,1979/9/15,敬老の日,Respect-for-the-Aged Day
274,1979/9/24,秋分の日,Autumnal Equinox Day
275,1979/10/10,体育の日,Health and Sports Day
276,1979/11/3,文化の日,Culture Day
277,1979/11/23,勤労感謝の日,Labour Thanksgiving Day
278,1980/1/1,元日,New Year's day
279,1980/1/15,成人の日,Coming of Age Day
280,1980/2/11,建国記念の日,National Foundation Day
281,1980/3/20,春分の日,Vernal Equinox Day
282,1980/4/29,天皇誕生日,Emperor's Birthday
283,1980/5/3,憲法記念日,Constitution Memorial Day
284,1980/5/5,こどもの日,Children's Day
285,1980/9/15,敬老の日,Respect-for-the-Aged Day
286,1980/9/23,秋分の日,Autumnal Equinox Day
287,1980/10/10,体育の日,Health and Sports Day
288,1980/11/3,文化の日,Culture Day
289,1980/11/23,勤労感謝の日,Labour Thanksgiving Day
290,1980/11/24,休日,Holiday
291,1981/1/1,元日,New Year's day
292,1981/1/15,成人の日,Coming of Age Day
293,1981/2/11,建国記念の日,National Foundation Day
294,1981/3/21,春分の日,Vernal Equinox Day
295,1981/4/29,天皇誕生日,Emperor's Birthday
296,1981/5/3,憲法記念日,Constitution Memorial Day
297,1981/5/4,休日,Holiday
298,1981/5/5,こどもの日,Children's Day
299,1981/9/15,敬老の日,Respect-for-the-Aged Day
300,1981/9/23,秋分の日,Autumnal Equinox Day
301,1981/10/10,体育の日,Health and Sports Day
302,1981/11/3,文化の日,Culture Day
303,1981/11/23,勤労感謝の日,Labour Thanksgiving Day
304,1982/1/1,元日,New Year's day
305,1982/1/15,成人の日,Coming of Age Day
306,1982/2/11,建国記念の日,National Foundation Day
307,1982/3/21,春分の日,Vernal Equinox Day
308,1982/3/22,休日,Holiday
309,1982/4/29,天皇誕生日,Emperor's Birthday
310,1982/5/3,憲法記念日,Constitution Memorial Day
311,1982/5/5,こどもの日,Children's Day
312,1982/9/15,敬老の日,Respect-for-the-Aged Day
313,1982/9/23,秋分の日,Autumnal Equinox Day
314,1982/10/10,体育の日,Health and Sports Day
315,1982/10/11,休日,Holiday
316,1982/11/3,文化の日,Culture Day
317,1982/11/23,勤労感謝の日,Labour Thanksgiving Day
318,1983/1/1,元日,New Year's day
319,1983/1/15,成人の日,Coming of Age Day
320,1983/2/11,建国記念の日,National Foundation Day
321,1983/3/21,春分の日,Vernal Equinox Day
322,1983/4/29,天皇誕生日,Emperor's Birthday
323,1983/5/3,憲法記念日,Constitution Memorial Day
324,1983/5/5,こどもの日,Children's Day
325,1983/9/15,敬老の日,Respect-for-the-Aged Day
326,1983/9/23,秋分の日,Autumnal Equinox Day
327,1983/10/10,体育の日,Health and Sports Day
328,1983/11/3,文化の日,Culture Day
329,1983/11/23,勤労感謝の日,Labour Thanksgiving Day
330,1984/1/1,元日,New Year's day
331,1984/1/2,休日,Holiday
332,1984/1/15,成人の日,Coming of Age Day
333,1984/1/16,休日,Holiday
334,1984/2/11,建国記念の日,National Foundation Day
335,1984/3/20,春分の日,Vernal Equinox Day
336,1984/4/29,天皇誕生日,Emperor's Birthday
337,1984/4/30,休日,Holiday
338,1984/5/3,憲法記念日,Constitution Memorial Day
339,1984/5/5,こどもの日,Children's Day
340,1984/9/15,敬老の日,Respect-for-the-Aged Day
341,1984/9/23,秋分の日,Autumnal Equinox Day
342,1984/9/24,休日,Holiday
343,1984/10/10,体育の日,Health and Sports Day
344,1984/11/3,文化の日,Culture Day
345,1984/11/23,勤労感謝の日,Labour Thanksgiving Day
346,1985/1/1,元日,New Year's day
347,1985/1/15,成人の日,Coming of Age Day
348,1985/2/11,建国記念の日,National Foundation Day
349,1985/3/21,春分の日,Vernal Equinox Day
350,1985/4/29,天皇誕生日,Emperor's Birthday
351,1985/5/3,憲法記念日,Constitution Memorial Day
352,1985/5/5,こどもの日,Children's Day
353,1985/5/6,休日,Holiday
354,1985/9/15,敬老の日,Respect-for-the-Aged Day
355,1985/9/16,休日,Holiday
356,1985/9/23,秋分の日,Autumnal Equinox Day
357,1985/10/10,体育の日,Health and Sports Day
358,1985/11/3,文化の日,Culture Day
359,1985/11/4,休日,Holiday
360,1985/11/23,勤労感謝の日,Labour Thanksgiving Day
361,1986/1/1,元日,New Year's day
362,1986/1/15,成人の日,Coming of Age Day
363,1986/2/11,建国記念の日,National Foundation Day
364,1986/3/21,春分の日,Vernal Equinox Day
365,1986/4/29,天皇誕生日,Emperor's Birthday
366,1986/5/3,憲法記念日,Constitution Memorial Day
367,1986/5/5,こどもの日,Children's Day
368,1986/9/15,敬老の日,Respect-for-the-Aged Day
369,1986/9/23,秋分の日,Autumnal Equinox Day
370,1986/10/10,体育の日,Health and Sports Day
371,1986/11/3,文化の日,Culture Day
372,1986/11/23,勤労感謝の日,Labour Thanksgiving Day
373,1986/11/24,休日,Holiday
374,1987/1/1,元日,New Year's day
375,1987/1/15,成人の日,Coming of Age Day
376,1987/2/11,建国記念の日,National Foundation Day
377,1987/3/21,春分の日,Vernal Equinox Day
378,1987/4/29,天皇誕生日,Emperor's Birthday
379,1987/5/3,憲法記念日,Constitution Memorial Day
380,1987/5/4,休日,Holiday
381,1987/5/5,こどもの日,Children's Day
382,1987/9/15,敬老の日,Respect-for-the-Aged Day
383,1987/9/23,秋分の日,Autumnal Equinox Day
384,1987/10/10,体育の日,Health and Sports Day
385,1987/11/3,文化の日,Culture Day
386,1987/11/23,勤労感謝の日,Labour Thanksgiving Day
387,1988/1/1,元日,New Year's day
388,1988/1/15,成人の日,Coming of Age Day
389,1988/2/11,建国記念の日,National Foundation Day
390,1988/3/20,春分の日,Vernal Equinox Day
391,1988/3/21,休日,Holiday
392,1988/4/29,天皇誕生日,Emperor's Birthday
393,1988/5/3,憲法記念日,Constitution Memorial Day
394,1988/5/4,休日,Holiday
395,1988/5/5,こどもの日,Children's Day
396,1988/9/15,敬老の日,Respect-for-the-Aged Day
397,1988/9/23,秋分の日,Autumnal Equinox Day
398,1988/10/10,体育の日,Health and Sports Day
399,1988/11/3,文化の日,Culture Day
400,1988/11/23,勤労感謝の日,Labour Thanksgiving Day
401,1989/1/1,元日,New Year's day
402,1989/1/2,休日,Holiday
403,1989/1/15,成人の日,Coming of Age Day
404,1989/1/16,休日,Holiday
405,1989/2/11,建国記念の日,National Foundation Day
406,1989/2/24,大喪の礼,Funeral service of a Japanese emperor
407,1989/3/21,春分の日,Vernal Equinox Day
408,1989/4/29,みどりの日,Greenery Day
409,1989/5/3,憲法記念日,Constitution Memorial Day
410,1989/5/4,休日,Holiday
411,1989/5/5,こどもの日,Children's Day
412,1989/9/15,敬老の日,Respect-for-the-Aged Day
413,1989/9/23,秋分の日,Autumnal Equinox Day
414,1989/10/10,体育の日,Health and Sports Day
415,1989/11/3,文化の日,Culture Day
416,1989/11/23,勤労感謝の日,Labour Thanksgiving Day
417,1989/12/23,天皇誕生日,Emperor's Birthday
418,1990/1/1,元日,New Year's day
419,1990/1/15,成人の日,Coming of Age Day
420,1990/2/11,建国記念の日,National Foundation Day
421,1990/2/12,休日,Holiday
422,1990/3/21,春分の日,Vernal Equinox Day
423,1990/4/29,みどりの日,Greenery Day
424,1990/4/30,休日,Holiday
425,1990/5/3,憲法記念日,Constitution Memorial Day
426,1990/5/4,休日,Holiday
427,1990/5/5,こどもの日,Children's Day
428,1990/9/15,敬老の日,Respect-for-the-Aged Day
429,1990/9/23,秋分の日,Autumnal Equinox Day
430,1990/9/24,休日,Holiday
431,1990/10/10,体育の日,Health and Sports Day
432,1990/11/3,文化の日,Culture Day
433,1990/11/12,即位礼正殿の儀,Enthronement ceremony
434,1990/11/23,勤労感謝の日,Labour Thanksgiving Day
435,1990/12/23,天皇誕生日,Emperor's Birthday
436,1990/12/24,休日,Holiday
437,1991/1/1,元日,New Year's day
438,1991/1/15,成人の日,Coming of Age Day
439,1991/2/11,建国記念の日,National Foundation Day
440,1991/3/21,春分の日,Vernal Equinox Day
441,1991/4/29,みどりの日,Greenery Day
442,1991/5/3,憲法記念日,Constitution Memorial Day
443,1991/5/4,休日,Holiday
444,1991/5/5,こどもの日,Children's Day
445,1991/5/6,休日,Holiday
446,1991/9/15,敬老の日,Respect-for-the-Aged Day
447,1991/9/16,休日,Holiday
448,1991/9/23,秋分の日,Autumnal Equinox Day
449,1991/10/10,体育の日,Health and Sports Day
450,1991/11/3,文化の日,Culture Day
451,1991/11/4,休日,Holiday
452,1991/11/23,勤労感謝の日,Labour Thanksgiving Day
453,1991/12/23,天皇誕生日,Emperor's Birthday
454,1992/1/1,元日,New Year's day
455,1992/1/15,成人の日,Coming of Age Day
456,1992/2/11,建国記念の日,National Foundation Day
457,1992/3/20,春分の日,Vernal Equinox Day
458,1992/4/29,みどりの日,Greenery Day
459,1992/5/3,憲法記念日,Constitution Memorial Day
460,1992/5/4,休日,Holiday
461,1992/5/5,こどもの日,Children's Day
462,1992/9/15,敬老の日,Respect-for-the-Aged Day
463,1992/9/23,秋分の日,Autumnal Equinox Day
464,1992/10/10,体育の日,Health and Sports Day
465,1992/11/3,文化の日,Culture Day
466,1992/11/23,勤労感謝の日,Labour Thanksgiving Day
467,1992/12/23,天皇誕生日,Emperor's Birthday
468,1993/1/1,元日,New Year's day
469,1993/1/15,成人の日,Coming of Age Day
470,1993/2/11,建国記念の日,National Foundation Day
471,1993/3/20,春分の日,Vernal Equinox Day
472,1993/4/29,みどりの日,Greenery Day
473,1993/5/3,憲法記念日,Constitution Memorial Day
474,1993/5/4,休日,Holiday
475,1993/5/5,こどもの日,Children's Day
476,1993/6/9,結婚の儀,Imperial marriage ceremony
477,1993/9/15,敬老の日,Respect-for-the-Aged Day
478,1993/9/23,秋分の日,Autumnal Equinox Day
479,1993/10/10,体育の日,Health and Sports Day
480,1993/10/11,休日,Holiday
481,1993/11/3,文化の日,Culture Day
482,1993/11/23,勤労感謝の日,Labour Thanksgiving Day
483,1993/12/23,天皇誕生日,Emperor's Birthday
484,1994/1/1,元日,New Year's day
485,1994/1/15,成人の日,Coming of Age Day
486,1994/2/11,建国記念の日,National Foundation Day
487,1994/3/21,春分の日,Vernal Equinox Day
488,1994/4/29,みどりの日,Greenery Day
489,1994/5/3,憲法記念日,Constitution Memorial Day
490,1994/5/4,休日,Holiday
491,1994/5/5,こどもの日,Children's Day
492,1994/9/15,敬老の日,Respect-for-the-Aged Day
493,1994/9/23,秋分の日,Autumnal Equinox Day
494,1994/10/10,体育の日,Health and Sports Day
495,1994/11/3,文化の日,Culture Day
496,1994/11/23,勤労感謝の日,Labour Thanksgiving Day
497,1994/12/23,天皇誕生日,Emperor's Birthday
498,1995/1/1,元日,New Year's day
499,1995/1/2,休日,Holiday
500,1995/1/15,成人の日,Coming of Age Day
501,1995/1/16,休日,Holiday
502,1995/2/11,建国記念の日,National Foundation Day
503,1995/3/21,春分の日,Vernal Equinox Day
504,1995/4/29,みどりの日,Greenery Day
505,1995/5/3,憲法記念日,Constitution Memorial Day
506,1995/5/4,休日,Holiday
507,1995/5/5,こどもの日,Children's Day
508,1995/9/15,敬老の日,Respect-for-the-Aged Day
509,1995/9/23,秋分の日,Autumnal Equinox Day
510,1995/10/10,体育の日,Health and Sports Day
511,1995/11/3,文化の日,Culture Day
512,1995/11/23,勤労感謝の日,Labour Thanksgiving Day
513,1995/12/23,天皇誕生日,Emperor's Birthday
514,1996/1/1,元日,New Year's day
515,1996/1/15,成人の日,Coming of Age Day
516,1996/2/11,建国記念の日,National Foundation Day
517,1996/2/12,休日,Holiday
518,1996/3/20,春分の日,Vernal Equinox Day
519,1996/4/29,みどりの日,Greenery Day
520,1996/5/3,憲法記念日,Constitution Memorial Day
521,1996/5/4,休日,Holiday
522,1996/5/5,こどもの日,Children's Day
523,1996/5/6,休日,Holiday
524,1996/7/20,海の日,Marine Day
525,1996/9/15,敬老の日,Respect-for-the-Aged Day
526,1996/9/16,休日,Holiday
527,1996/9/23,秋分の日,Autumnal Equinox Day
528,1996/10/10,体育の日,Health and Sports Day
529,1996/11/3,文化の日,Culture Day
530,1996/11/4,休日,Holiday
531,1996/11/23,勤労感謝の日,Labour Thanksgiving Day
532,1996/12/23,天皇誕生日,Emperor's Birthday
533,1997/1/1,元日,New Year's day
534,1997/1/15,成人の日,Coming of Age Day
535,1997/2/11,建国記念の日,National Foundation Day
536,1997/3/20,春分の日,Vernal Equinox Day
537,1997/4/29,みどりの日,Greenery Day
538,1997/5/3,憲法記念日,Constitution Memorial Day
539,1997/5/5,こどもの日,Children's Day
540,1997/7/20,海の日,Marine Day
541,1997/7/21,休日,Holiday
542,1997/9/15,敬老の日,Respect-for-the-Aged Day
543,1997/9/23,秋分の日,Autumnal Equinox Day
544,1997/10/10,体育の日,Health and Sports Day
545,1997/11/3,文化の日,Culture Day
546,1997/11/23,勤労感謝の日,Labour Thanksgiving Day
547,1997/11/24,休日,Holiday
548,1997/12/23,天皇誕生日,Emperor's Birthday
549,1998/1/1,元日,New Year's day
550,1998/1/15,成人の日,Coming of Age Day
551,1998/2/11,建国記念の日,National Foundation Day
552,1998/3/21,春分の日,Vernal Equinox Day
553,1998/4/29,みどりの日,Greenery Day
554,1998/5/3,憲法記念日,Constitution Memorial Day
555,1998/5/4,休日,Holiday
556,1998/5/5,こどもの日,Children's Day
557,1998/7/20,海の日,Marine Day
558,1998/9/15,敬老の日,Respect-for-the-Aged Day
559,1998/9/23,秋分の日,Autumnal Equinox Day
560,1998/10/10,体育の日,Health and Sports Day
561,1998/11/3,文化の日,Culture Day
562,1998/11/23,勤労感謝の日,Labour Thanksgiving Day
563,1998/12/23,天皇誕生日,Emperor's Birthday
564,1999/1/1,元日,New Year's day
565,1999/1/15,成人の日,Coming of Age Day
566,1999/2/11,建国記念の日,National Foundation Day
567,1999/3/21,春分の日,Vernal Equinox Day
568,1999/3/22,休日,Holiday
569,1999/4/29,みどりの日,Greenery Day
570,1999/5/3,憲法記念日,Constitution Memorial Day
571,1999/5/4,休日,Holiday
572,1999/5/5,こどもの日,Children's Day
573,1999/7/20,海の日,Marine Day
574,1999/9/15,敬老の日,Respect-for-the-Aged Day
575,1999/9/23,秋分の日,Autumnal Equinox Day
576,1999/10/10,体育の日,Health and Sports Day
577,1999/10/11,休日,Holiday
578,1999/11/3,文化の日,Culture Day
579,1999/11/23,勤労感謝の日,Labour Thanksgiving Day
580,1999/12/23,天皇誕生日,Emperor's Birthday
581,2000/1/1,元日,New Year's day
582,2000/1/10,成人の日,Coming of Age Day
583,2000/2/11,建国記念の日,National Foundation Day
584,2000/3/20,春分の日,Vernal Equinox Day
585,2000/4/29,みどりの日,Greenery Day
586,2000/5/3,憲法記念日,Constitution Memorial Day
587,2000/5/4,休日,Holiday
588,2000/5/5,こどもの日,Children's Day
589,2000/7/20,海の日,Marine Day
590,2000/9/15,敬老の日,Respect-for-the-Aged Day
591,2000/9/23,秋分の日,Autumnal Equinox Day
592,2000/10/9,体育の日,Health and Sports Day
593,2000/11/3,文化の日,Culture Day
594,2000/11/23,勤労感謝の日,Labour Thanksgiving Day
595,2000/12/23,天皇誕生日,Emperor's Birthday
596,2001/1/1,元日,New Year's day
597,2001/1/8,成人の日,Coming of Age Day
598,2001/2/11,建国記念の日,National Foundation Day
599,2001/2/12,休日,Holiday
600,2001/3/20,春分の日,Vernal Equinox Day
601,2001/4/29,みどりの日,Greenery Day
602,2001/4/30,休日,Holiday
603,2001/5/3,憲法記念日,Constitution Memorial Day
604,2001/5/4,休日,Holiday
605,2001/5/5,こどもの日,Children's Day
606,2001/7/20,海の日,Marine Day
607,2001/9/15,敬老の日,Respect-for-the-Aged Day
608,2001/9/23,秋分の日,Autumnal Equinox Day
609,2001/9/24,休日,Holiday
610,2001/10/8,体育の日,Health and Sports Day
611,2001/11/3,文化の日,Culture Day
612,2001/11/23,勤労感謝の日,Labour Thanksgiving Day
613,2001/12/23,天皇誕生日,Emperor's Birthday
614,2001/12/24,休日,Holiday
615,2002/1/1,元日,New Year's day
616,2002/1/14,成人の日,Coming of Age Day
617,2002/2/11,建国記念の日,National Foundation Day
618,2002/3/21,春分の日,Vernal Equinox Day
619,2002/4/29,みどりの日,Greenery Day
620,2002/5/3,憲法記念日,Constitution Memorial Day
621,2002/5/4,休日,Holiday
622,2002/5/5,こどもの日,Children's Day
623,2002/5/6,休日,Holiday
624,2002/7/20,海の日,Marine Day
625,2002/9/15,敬老の日,Respect-for-the-Aged Day
626,2002/9/16,休日,Holiday
627,2002/9/23,秋分の日,Autumnal Equinox Day
628,2002/10/14,体育の日,Health and Sports Day
629,2002/11/3,文化の日,Culture Day
630,2002/11/4,休日,Holiday
631,2002/11/23,勤労感謝の日,Labour Thanksgiving Day
632,2002/12/23,天皇誕生日,Emperor's Birthday
633,2003/1/1,元日,New Year's day
634,2003/1/13,成人の日,Coming of Age Day
635,2003/2/11,建国記念の日,National Foundation Day
636,2003/3/21,春分の日,Vernal Equinox Day
637,2003/4/29,みどりの日,Greenery Day
638,2003/5/3,憲法記念日,Constitution Memorial Day
639,2003/5/5,こどもの日,Children's Day
640,2003/7/21,海の日,Marine Day
641,2003/9/15,敬老の日,Respect-for-the-Aged Day
642,2003/9/23,秋分の日,Autumnal Equinox Day
643,2003/10/13,体育の日,Health and Sports Day
644,2003/11/3,文化の日,Culture Day
645,2003/11/23,勤労感謝の日,Labour Thanksgiving Day
646,2003/11/24,休日,Holiday
647,2003/12/23,天皇誕生日,Emperor's Birthday
648,2004/1/1,元日,New Year's day
649,2004/1/12,成人の日,Coming of Age Day
650,2004/2/11,建国記念の日,National Foundation Day
651,2004/3/20,春分の日,Vernal Equinox Day
652,2004/4/29,みどりの日,Greenery Day
653,2004/5/3,憲法記念日,Constitution Memorial Day
654,2004/5/4,休日,Holiday
655,2004/5/5,こどもの日,Children's Day
656,2004/7/19,海の日,Marine Day
657,2004/9/20,敬老の日,Respect-for-the-Aged Day
658,2004/9/23,秋分の日,Autumnal Equinox Day
659,2004/10/11,体育の日,Health and Sports Day
660,2004/11/3,文化の日,Culture Day
661,2004/11/23,勤労感謝の日,Labour Thanksgiving Day
662,2004/12/23,天皇誕生日,Emperor's Birthday
663,2005/1/1,元日,New Year's day
664,2005/1/10,成人の日,Coming of Age Day
665,2005/2/11,建国記念の日,National Foundation Day
666,2005/3/20,春分の日,Vernal Equinox Day
667,2005/3/21,休日,Holiday
668,2005/4/29,みどりの日,Greenery Day
669,2005/5/3,憲法記念日,Constitution Memorial Day
670,2005/5/4,休日,Holiday
671,2005/5/5,こどもの日,Children's Day
672,2005/7/18,海の日,Marine Day
673,2005/9/19,敬老の日,Respect-for-the-Aged Day
674,2005/9/23,秋分の日,Autumnal Equinox Day
675,2005/10/10,体育の日,Health and Sports Day
676,2005/11/3,文化の日,Culture Day
677,2005/11/23,勤労感謝の日,Labour Thanksgiving Day
678,2005/12/23,天皇誕生日,Emperor's Birthday
679,2006/1/1,元日,New Year's day
680,2006/1/2,休日,Holiday
681,2006/1/9,成人の日,Coming of Age Day
682,2006/2/11,建国記念の日,National Foundation Day
683,2006/3/21,春分の日,Vernal Equinox Day
684,2006/4/29,みどりの日,Greenery Day
685,2006/5/3,憲法記念日,Constitution Memorial Day
686,2006/5/4,休日,Holiday
687,2006/5/5,こどもの日,Children's Day
688,2006/7/17,海の日,Marine Day
689,2006/9/18,敬老の日,Respect-for-the-Aged Day
690,2006/9/23,秋分の日,Autumnal Equinox Day
691,2006/10/9,体育の日,Health and Sports Day
692,2006/11/3,文化の日,Culture Day
693,2006/11/23,勤労感謝の日,Labour Thanksgiving Day
694,2006/12/23,天皇誕生日,Emperor's Birthday
695,2007/1/1,元日,New Year's day
696,2007/1/8,成人の日,Coming of Age Day
697,2007/2/11,建国記念の日,National Foundation Day
698,2007/2/12,休日,Holiday
699,2007/3/21,春分の日,Vernal Equinox Day
700,2007/4/29,昭和の日,Shōwa Day
701,2007/4/30,休日,Holiday
702,2007/5/3,憲法記念日,Constitution Memorial Day
703,2007/5/4,みどりの日,Greenery Day
704,2007/5/5,こどもの日,Children's Day
705,2007/7/16,海の日,Marine Day
706,2007/9/17,敬老の日,Respect-for-the-Aged Day
707,2007/9/23,秋分の日,Autumnal Equinox Day
708,2007/9/24,休日,Holiday
709,2007/10/8,体育の日,Health and Sports Day
710,2007/11/3,文化の日,Culture Day
711,2007/11/23,勤労感謝の日,Labour Thanksgiving Day
712,2007/12/23,天皇誕生日,Emperor's Birthday
713,2007/12/24,休日,Holiday
714,2008/1/1,元日,New Year's day
715,2008/1/14,成人の日,Coming of Age Day
716,2008/2/11,建国記念の日,National Foundation Day
717,2008/3/20,春分の日,Vernal Equinox Day
718,2008/4/29,昭和の日,Shōwa Day
719,2008/5/3,憲法記念日,Constitution Memorial Day
720,2008/5/4,みどりの日,Greenery Day
721,2008/5/5,こどもの日,Children's Day
722,2008/5/6,休日,Holiday
723,2008/7/21,海の日,Marine Day
724,2008/9/15,敬老の日,Respect-for-the-Aged Day
725,2008/9/23,秋分の日,Autumnal Equinox Day
726,2008/10/13,体育の日,Health and Sports Day
727,2008/11/3,文化の日,Culture Day
728,2008/11/23,勤労感謝の日,Labour Thanksgiving Day
729,2008/11/24,休日,Holiday
730,2008/12/23,天皇誕生日,Emperor's Birthday
731,2009/1/1,元日,New Year's day
732,2009/1/12,成人の日,Coming of Age Day
733,2009/2/11,建国記念の日,National Foundation Day
734,2009/3/20,春分の日,Vernal Equinox Day
735,2009/4/29,昭和の日,Shōwa Day
736,2009/5/3,憲法記念日,Constitution Memorial Day
737,2009/5/4,みどりの日,Greenery Day
738,2009/5/5,こどもの日,Children's Day
739,2009/5/6,休日,Holiday
740,2009/7/20,海の日,Marine Day
741,2009/9/21,敬老の日,Respect-for-the-Aged Day
742,2009/9/22,休日,Holiday
743,2009/9/23,秋分の日,Autumnal Equinox Day
744,2009/10/12,体育の日,Health and Sports Day
745,2009/11/3,文化の日,Culture Day
746,2009/11/23,勤労感謝の日,Labour Thanksgiving Day
747,2009/12/23,天皇誕生日,Emperor's Birthday
748,2010/1/1,元日,New Year's day
749,2010/1/11,成人の日,Coming of Age Day
750,2010/2/11,建国記念の日,National Foundation Day
751,2010/3/21,春分の日,Vernal Equinox Day
752,2010/3/22,休日,Holiday
753,2010/4/29,昭和の日,Shōwa Day
754,2010/5/3,憲法記念日,Constitution Memorial Day
755,2010/5/4,みどりの日,Greenery Day
756,2010/5/5,こどもの日,Children's Day
757,2010/7/19,海の日,Marine Day
758,2010/9/20,敬老の日,Respect-for-the-Aged Day
759,2010/9/23,秋分の日,Autumnal Equinox Day
760,2010/10/11,体育の日,Health and Sports Day
761,2010/11/3,文化の日,Culture Day
762,2010/11/23,勤労感謝の日,Labour Thanksgiving Day
763,2010/12/23,天皇誕生日,Emperor's Birthday
764,2011/1/1,元日,New Year's day
765,2011/1/10,成人の日,Coming of Age Day
766,2011/2/11,建国記念の日,National Foundation Day
767,2011/3/21,春分の日,Vernal Equinox Day
768,2011/4/29,昭和の日,Shōwa Day
769,2011/5/3,憲法記念日,Constitution Memorial Day
770,2011/5/4,みどりの日,Greenery Day
771,2011/5/5,こどもの日,Children's Day
772,2011/7/18,海の日,Marine Day
773,2011/9/19,敬老の日,Respect-for-the-Aged Day
774,2011/9/23,秋分の日,Autumnal Equinox Day
775,2011/10/10,体育の日,Health and Sports Day
776,2011/11/3,文化の日,Culture Day
777,2011/11/23,勤労感謝の日,Labour Thanksgiving Day
778,2011/12/23,天皇誕生日,Emperor's Birthday
779,2012/1/1,元日,New Year's day
780,2012/1/2,休日,Holiday
781,2012/1/9,成人の日,Coming of Age Day
782,2012/2/11,建国記念の日,National Foundation Day
783,2012/3/20,春分の日,Vernal Equinox Day
784,2012/4/29,昭和の日,Shōwa Day
785,2012/4/30,休日,Holiday
786,2012/5/3,憲法記念日,Constitution Memorial Day
787,2012/5/4,みどりの日,Greenery Day
788,2012/5/5,こどもの日,Children's Day
789,2012/7/16,海の日,Marine Day
790,2012/9/17,敬老の日,Respect-for-the-Aged Day
791,2012/9/22,秋分の日,Autumnal Equinox Day
792,2012/10/8,体育の日,Health and Sports Day
793,2012/11/3,文化の日,Culture Day
794,2012/11/23,勤労感謝の日,Labour Thanksgiving Day
795,2012/12/23,天皇誕生日,Emperor's Birthday
796,2012/12/24,休日,Holiday
797,2013/1/1,元日,New Year's day
798,2013/1/14,成人の日,Coming of Age Day
799,2013/2/11,建国記念の日,National Foundation Day
800,2013/3/20,春分の日,Vernal Equinox Day
801,2013/4/29,昭和の日,Shōwa Day
802,2013/5/3,憲法記念日,Constitution Memorial Day
803,2013/5/4,みどりの日,Greenery Day
804,2013/5/5,こどもの日,Children's Day
805,2013/5/6,休日,Holiday
806,2013/7/15,海の日,Marine Day
807,2013/9/16,敬老の日,Respect-for-the-Aged Day
808,2013/9/23,秋分の日,Autumnal Equinox Day
809,2013/10/14,体育の日,Health and Sports Day
810,2013/11/3,文化の日,Culture Day
811,2013/11/4,休日,Holiday
812,2013/11/23,勤労感謝の日,Labour Thanksgiving Day
813,2013/12/23,天皇誕生日,Emperor's Birthday
814,2014/1/1,元日,New Year's day
815,2014/1/13,成人の日,Coming of Age Day
816,2014/2/11,建国記念の日,National Foundation Day
817,2014/3/21,春分の日,Vernal Equinox Day
818,2014/4/29,昭和の日,Shōwa Day
819,2014/5/3,憲法記念日,Constitution Memorial Day
820,2014/5/4,みどりの日,Greenery Day
821,2014/5/5,こどもの日,Children's Day
822,2014/5/6,休日,Holiday
823,2014/7/21,海の日,Marine Day
824,2014/9/15,敬老の日,Respect-for-the-Aged Day
825,2014/9/23,秋分の日,Autumnal Equinox Day
826,2014/10/13,体育の日,Health and Sports Day
827,2014/11/3,文化の日,Culture Day
828,2014/11/23,勤労感謝の日,Labour Thanksgiving Day
829,2014/11/24,休日,Holiday
830,2014/12/23,天皇誕生日,Emperor's Birthday
831,2015/1/1,元日,New Year's day
832,2015/1/12,成人の日,Coming of Age Day
833,2015/2/11,建国記念の日,National Foundation Day
834,2015/3/21,春分の日,Vernal Equinox Day
835,2015/4/29,昭和の日,Shōwa Day
836,2015/5/3,憲法記念日,Constitution Memorial Day
837,2015/5/4,みどりの日,Greenery Day
838,2015/5/5,こどもの日,Children's Day
839,2015/5/6,休日,Holiday
840,2015/7/20,海の日,Marine Day
841,2015/9/21,敬老の日,Respect-for-the-Aged Day
842,2015/9/22,休日,Holiday
843,2015/9/23,秋分の日,Autumnal Equinox Day
844,2015/10/12,体育の日,Health and Sports Day
845,2015/11/3,文化の日,Culture Day
846,2015/11/23,勤労感謝の日,Labour Thanksgiving Day
847,2015/12/23,天皇誕生日,Emperor's Birthday
848,2016/1/1,元日,New Year's day
849,2016/1/11,成人の日,Coming of Age Day
850,2016/2/11,建国記念の日,National Foundation Day
851,2016/3/20,春分の日,Vernal Equinox Day
852,2016/3/21,休日,Holiday
853,2016/4/29,昭和の日,Shōwa Day
854,2016/5/3,憲法記念日,Constitution Memorial Day
855,2016/5/4,みどりの日,Greenery Day
856,2016/5/5,こどもの日,Children's Day
857,2016/7/18,海の日,Marine Day
858,2016/8/11,山の日,Mountain Day
859,2016/9/19,敬老の日,Respect-for-the-Aged Day
860,2016/9/22,秋分の日,Autumnal Equinox Day
861,2016/10/10,体育の日,Health and Sports Day
862,2016/11/3,文化の日,Culture Day
863,2016/11/23,勤労感謝の日,Labour Thanksgiving Day
864,2016/12/23,天皇誕生日,Emperor's Birthday
865,2017/1/1,元日,New Year's day
866,2017/1/2,休日,Holiday
867,2017/1/9,成人の日,Coming of Age Day
868,2017/2/11,建国記念の日,National Foundation Day
869,2017/3/20,春分の日,Vernal Equinox Day
870,2017/4/29,昭和の日,Shōwa Day
871,2017/5/3,憲法記念日,Constitution Memorial Day
872,2017/5/4,みどりの日,Greenery Day
873,2017/5/5,こどもの日,Children's Day
874,2017/7/17,海の日,Marine Day
875,2017/8/11,山の日,Mountain Day
876,2017/9/18,敬老の日,Respect-for-the-Aged Day
877,2017/9/23,秋分の日,Autumnal Equinox Day
878,2017/10/9,体育の日,Health and Sports Day
879,2017/11/3,文化の日,Culture Day
880,2017/11/23,勤労感謝の日,Labour Thanksgiving Day
881,2017/12/23,天皇誕生日,Emperor's Birthday
882,2018/1/1,元日,New Year's day
883,2018/1/8,成人の日,Coming of Age Day
884,2018/2/11,建国記念の日,National Foundation Day
885,2018/2/12,休日,Holiday
886,2018/3/21,春分の日,Vernal Equinox Day
887,2018/4/29,昭和の日,Shōwa Day
888,2018/4/30,休日,Holiday
889,2018/5/3,憲法記念日,Constitution Memorial Day
890,2018/5/4,みどりの日,Greenery Day
891,2018/5/5,こどもの日,Children's Day
892,2018/7/16,海の日,Marine Day
893,2018/8/11,山の日,Mountain Day
894,2018/9/17,敬老の日,Respect-for-the-Aged Day
895,2018/9/23,秋分の日,Autumnal Equinox Day
896,2018/9/24,休日,Holiday
897,2018/10/8,体育の日,Health and Sports Day
898,2018/11/3,文化の日,Culture Day
899,2018/11/23,勤労感謝の日,Labour Thanksgiving Day
900,2018/12/23,天皇誕生日,Emperor's Birthday
901,2018/12/24,休日,Holiday
902,2019/1/1,元日,New Year's day
903,2019/1/14,成人の日,Coming of Age Day
904,2019/2/11,建国記念の日,National Foundation Day
905,2019/3/21,春分の日,Vernal Equinox Day
906,2019/4/29,昭和の日,Shōwa Day
907,2019/4/30,休日,Holiday
908,2019/5/1,休日（祝日扱い）,Holiday (National Holiday)
909,2019/5/2,休日,Holiday
910,2019/5/3,憲法記念日,Constitution Memorial Day
911,2019/5/4,みどりの日,Greenery Day
912,2019/5/5,こどもの日,Children's Day
913,2019/5/6,休日,Holiday
914,2019/7/15,海の日,Marine Day
915,2019/8/11,山の日,Mountain Day
916,2019/8/12,休日,Holiday
917,2019/9/16,敬老の日,Respect-for-the-Aged Day
918,2019/9/23,秋分の日,Autumnal Equinox Day
919,2019/10/14,体育の日（スポーツの日）,Health and Sports Day
920,2019/10/22,休日（祝日扱い）,Holiday (National Holiday)
921,2019/11/3,文化の日,Culture Day
922,2019/11/4,休日,Holiday
923,2019/11/23,勤労感謝の日,Labour Thanksgiving Day
924,2020/1/1,元日,New Year's day
925,2020/1/13,成人の日,Coming of Age Day
926,2020/2/11,建国記念の日,National Foundation Day
927,2020/2/23,天皇誕生日,Emperor's Birthday
928,2020/2/24,休日,Holiday
929,2020/3/20,春分の日,Vernal Equinox Day
930,2020/4/29,昭和の日,Shōwa Day
931,2020/5/3,憲法記念日,Constitution Memorial Day
932,2020/5/4,みどりの日,Greenery Day
933,2020/5/5,こどもの日,Children's Day
934,2020/5/6,休日,Holiday
935,2020/7/23,海の日,Marine Day
936,2020/7/24,スポーツの日,Health and Sports Day
937,2020/8/10,山の日,Mountain Day
938,2020/9/21,敬老の日,Respect-for-the-Aged Day
939,2020/9/22,秋分の日,Autumnal Equinox Day
940,2020/11/3,文化の日,Culture Day
941,2020/11/23,勤労感謝の日,Labour Thanksgiving Day
942,2021/1/1,元日,New Year's day
943,2021/1/11,成人の日,Coming of Age Day
944,2021/2/11,建国記念の日,National Foundation Day
945,2021/2/23,天皇誕生日,Emperor's Birthday
946,2021/3/20,春分の日,Vernal Equinox Day
947,2021/4/29,昭和の日,Shōwa Day
948,2021/5/3,憲法記念日,Constitution Memorial Day
949,2021/5/4,みどりの日,Greenery Day
950,2021/5/5,こどもの日,Children's Day
951,2021/7/22,海の日,Marine Day
952,2021/7/23,スポーツの日,Health and Sports Day
953,2021/8/8,山の日,Mountain Day
954,2021/8/9,休日,Holiday
955,2021/9/20,敬老の日,Respect-for-the-Aged Day
956,2021/9/23,秋分の日,Autumnal Equinox Day
957,2021/11/3,文化の日,Culture Day
958,2021/11/23,勤労感謝の日,Labour Thanksgiving Day
959,2022/1/1,元日,New Year's day
960,2022/1/10,成人の日,Coming of Age Day
961,2022/2/11,建国記念の日,National Foundation Day
962,2022/2/23,天皇誕生日,Emperor's Birthday
963,2022/3/21,春分の日,Vernal Equinox Day
964,2022/4/29,昭和の日,Shōwa Day
965,2022/5/3,憲法記念日,Constitution Memorial Day
966,2022/5/4,みどりの日,Greenery Day
967,2022/5/5,こどもの日,Children's Day
968,2022/7/18,海の日,Marine Day
969,2022/8/11,山の日,Mountain Day
970,2022/9/19,敬老の日,Respect-for-the-Aged Day
971,2022/9/23,秋分の日,Autumnal Equinox Day
972,2022/10/10,スポーツの日,Health and Sports Day
973,2022/11/3,文化の日,Culture Day
974,2022/11/23,勤労感謝の日,Labour Thanksgiving Day
